RefDes,Qty,Function,Manufacturer,Exact MPN/value,Package,Ratings/tolerance,C-number,JLC Basic/Extended/other,Assembly service / side,Stock checked + timestamp,Import path,Datasheet/source,Verification status,catalog_unit_price
"J1, J2, J3",3,Power / motor terminals,Cixi Kefa,KF301-5.0-2P,"插件,P=5mm","-30℃~+120℃ 1 1.5 14~22 17A 1x2P 2 250V 2P 5mm Blue Through Hole 插件,P=5mm Screw Terminal Blocks ROHS",C474881,Extended,TOP inserted; manual THT,76632 available to order; 2026-09-28T13:56:58.413654+00:00,imports/KF301_5_0_2P.tsx,https://jlcpcb.com/partdetail/C474881,Design-file checks pass; manufacturer acceptance and physical qualification pending,0.1008
F1,1,3 A non-resettable input fuse,Littelfuse,0453003.MR,2410,-55℃~+125℃ 1.65 125V 125V 2.5mm 3A 50A 6.1mm Surface Mount Fuse 2410 Disposable fuses ROHS,C178991,Extended,TOP SMT; final manufacturer preview required,1663 available to order; 2026-09-28T13:57:04.305587+00:00,imports/A_0453003_MR.tsx,https://jlcpcb.com/partdetail/C178991,Design-file checks pass; manufacturer acceptance and physical qualification pending,0.2799
Q1,1,Low-loss reverse-polarity path,Vishay,SI7655ADN-T1-GE3,PowerPAK1212-8S,-50℃~+150℃ 1 P-Channel 1.1V 150nC@10V 20V 40A 57W 6.6nF 890pF 930pF 9mΩ@2.5V P-Channel PowerPAK1212-8S MOSFETs ROHS,C222495,Extended,TOP SMT; final manufacturer preview required,3495 available to order; 2026-09-28T13:57:10.654403+00:00,imports/SI7655ADN_T1_GE3.tsx,https://jlcpcb.com/partdetail/C222495,Design-file checks pass; manufacturer acceptance and physical qualification pending,1.0299
"C1, C2",2,Bus bulk storage,Lelon,VZH221M1CTR-0607,"SMD,D6.3xL7.7mm","-45℃~+105℃ 16V 2000hrs@105℃ 220uF 6.3mm 7.7mm ±20% SMD,D6.3xL7.7mm Aluminum Electrolytic Capacitors - SMD ROHS",C285392,Extended,TOP SMT; final manufacturer preview required,381 available to order; 2026-09-28T13:57:16.508688+00:00,imports/VZH221M1CTR_0607.tsx,https://jlcpcb.com/partdetail/C285392,Design-file checks pass; manufacturer acceptance and physical qualification pending,0.0663
D1,1,Bus transient clamp,Littelfuse,SMBJ6.0A,DO-214AA,Manufacturer: 6 V standoff; 10.3 V clamp at 58.3 A specified pulse; reverse leakage 800 uA max. Catalog 46 nA field is incorrect; see DESIGN_REVIEW.md,C83270,Extended,TOP SMT; final manufacturer preview required,4959 available to order; 2026-09-28T13:57:22.608512+00:00,imports/SMBJ6_0A.tsx,https://jlcpcb.com/partdetail/C83270,Design-file checks pass; manufacturer acceptance and physical qualification pending,0.1213
"R1, R8, R15, R16, R17, R18",6,LED current limiting / host enable series,UNI-ROYAL,0603WAF2201T5E,0603,-55℃~+155℃ 100mW 2.2kΩ 75V Thick Film Resistor ±1% ±100ppm/℃ 0603 Chip Resistor - Surface Mount ROHS,C4190,Basic,TOP SMT; final manufacturer preview required,7299835 available to order; 2026-09-28T13:57:28.732950+00:00,imports/A_0603WAF2201T5E.tsx,https://jlcpcb.com/partdetail/C4190,Design-file checks pass; manufacturer acceptance and physical qualification pending,0.0014
"LED1, LED2, LED3, LED4",4,VM / VIO / A / B LEDs,Hubei KENTO,KT-0603YG,0603,-40℃~+85℃ 120° 20mA 2V~2.2V 30mcd~42mcd 40mW 567nm~573nm 576nm Discrete Diode Top-mount Water Clear Yellow Green 0603 LED Indication - Discrete ROHS,C2289,Extended,TOP SMT; final manufacturer preview required,34937 available to order; 2026-09-28T13:57:35.150670+00:00,imports/KT_0603YG.tsx,https://jlcpcb.com/partdetail/C2289,Design-file checks pass; manufacturer acceptance and physical qualification pending,0.0112
U1,1,Dual H-bridge,Texas Instruments,DRV8833PWPR,TSSOP-16-EP,-40℃~+85℃ 1.5A 2 2.7V~10.8V 360mΩ Bipolar Driver Yes TSSOP-16-EP Stepper Motor Driver ROHS,C50506,Extended,TOP SMT; final manufacturer preview required,7526 available to order; 2026-09-28T13:57:41.177992+00:00,imports/DRV8833PWPR.tsx,https://jlcpcb.com/partdetail/C50506,Design-file checks pass; manufacturer acceptance and physical qualification pending,0.9697
"R2, R3",2,Independent current shunts,Yageo,RL2512FK-070R15L,2512,150mΩ 1W Thick Film Resistor ±1% ±600ppm/℃ 2512 Chip Resistor - Surface Mount ROHS,C876469,Extended,TOP SMT; final manufacturer preview required,12 available to order; 2026-09-28T13:57:47.079610+00:00,imports/RL2512FK_070R15L.tsx,https://jlcpcb.com/partdetail/C876469,Design-file checks pass; manufacturer acceptance and physical qualification pending,0.1243
"C3, C4",2,VM ceramic bypass,Samsung,CL21A106KAYNNNE,0805,10uF 25V X5R ±10% 0805 Multilayer Ceramic Capacitors MLCC - SMD/SMT ROHS,C15850,Basic,TOP SMT; final manufacturer preview required,4167679 available to order; 2026-09-28T13:57:53.091530+00:00,imports/CL21A106KAYNNNE.tsx,https://jlcpcb.com/partdetail/C15850,Design-file checks pass; manufacturer acceptance and physical qualification pending,0.0773
C5,1,VINT bypass,Samsung,CL10A225KO8NNNC,0603,16V 2.2uF X5R ±10% 0603 Multilayer Ceramic Capacitors MLCC - SMD/SMT ROHS,C23630,Basic,TOP SMT; final manufacturer preview required,2265580 available to order; 2026-09-28T13:57:59.142145+00:00,imports/CL10A225KO8NNNC.tsx,https://jlcpcb.com/partdetail/C23630,Design-file checks pass; manufacturer acceptance and physical qualification pending,0.0093
C6,1,VCP-to-VM charge pump,Fenghua,0603B103K500NT,0603,10nF 50V X7R ±10% 0603 Multilayer Ceramic Capacitors MLCC - SMD/SMT ROHS,C57112,Basic,TOP SMT; final manufacturer preview required,5150649 available to order; 2026-09-28T13:58:05.080840+00:00,imports/A_0603B103K500NT.tsx,https://jlcpcb.com/partdetail/C57112,Design-file checks pass; manufacturer acceptance and physical qualification pending,0.0202
"J4, J5, J6, J7",4,Host / diagnostic headers,BOOMELE,2.54-1*3P针,"插件,P=2.54mm","-40℃~+105℃ 1 1x3P 2.54mm 2.5mm 3A 3P 3mm 6mm Black Brass Gold Pin Header Through Hole 插件,P=2.54mm Pin Headers ROHS",C49257,Extended,TOP inserted; manual THT,208742 available to order; 2026-09-28T13:58:10.918976+00:00,imports/A_2_54_1_3P_.tsx,https://jlcpcb.com/partdetail/C49257,Design-file checks pass; manufacturer acceptance and physical qualification pending,0.0241
"R4, R5, R6, R7",4,Motor command input series,UNI-ROYAL,0603WAF3300T5E,0603,-55℃~+155℃ 100mW 330Ω 75V Thick Film Resistor ±1% ±100ppm/℃ 0603 Chip Resistor - Surface Mount ROHS,C23138,Basic,TOP SMT; final manufacturer preview required,2955508 available to order; 2026-09-28T13:58:16.824950+00:00,imports/A_0603WAF3300T5E.tsx,https://jlcpcb.com/partdetail/C23138,Design-file checks pass; manufacturer acceptance and physical qualification pending,0.0016
"R9, R10, R11, R12, R14",5,Motor command pulls / FAULT pull-up,UNI-ROYAL,0603WAF1002T5E,0603,0603,C25804,Basic (official JLC catalog),TOP SMT; final manufacturer preview required,15231203 available to order; 2026-09-28T13:58:22.732229+00:00,imports/A_0603WAF1002T5E.tsx,https://jlcpcb.com/partdetail/C25804,Design-file checks pass; manufacturer acceptance and physical qualification pending,
R13,1,Enable pull-down,UNI-ROYAL,0603WAF1003T5E,0603,-55℃~+155℃ 100kΩ 100mW 75V Thick Film Resistor ±1% ±100ppm/℃ 0603 Chip Resistor - Surface Mount ROHS,C25803,Basic,TOP SMT; final manufacturer preview required,20884103 available to order; 2026-09-28T13:59:04.352604+00:00,imports/A_0603WAF1003T5E.tsx,https://jlcpcb.com/partdetail/C25803,Design-file checks pass; manufacturer acceptance and physical qualification pending,0.0016
SW1,1,Momentary motor disable,XKB Connection,TS-1187A-B-A-B,"SMD-4P,5.1x5.1mm","-30℃~+85℃ 1.5mm 1.6N 100,000 cycles 12V 5.1mm 5.1mm 50mA Gold No Round Button SPST Surface Mount,Vertical Without Bracket SMD-4P,5.1x5.1mm Tactile Switches ROHS",C318884,Basic,TOP SMT; final manufacturer preview required,499801 available to order; 2026-09-28T13:59:10.359661+00:00,imports/TS_1187A_B_A_B.tsx,https://jlcpcb.com/partdetail/C318884,Design-file checks pass; manufacturer acceptance and physical qualification pending,0.0197
U2,1,Command XOR indicators,Texas Instruments,SN74LVC2G86DCTR,MSOP-8-2.8mm,"-40℃~+125℃ 1.65V~5.5V 1.7V~2V 10uA 2 2 2.3V、2.4V、3.8V 3.6ns@5V,50pF 300mV、400mV、450mV、550mV 32mA 32mA 700mV~800mV 74LVC Series Rear drive protection、Local shutdown mode、Live insertion protection XOR Gate MSOP-8-2.8mm Logic Gates ROHS",C130023,Extended,TOP SMT; final manufacturer preview required,3413 available to order; 2026-09-28T13:58:28.680197+00:00,imports/SN74LVC2G86DCTR.tsx,https://jlcpcb.com/partdetail/C130023,Design-file checks pass; manufacturer acceptance and physical qualification pending,0.6052
"C7, C8",2,Logic bypass / TEMP filter,Yageo,CC0603KRX7R9BB104,0603,100nF 50V X7R ±10% 0603 Multilayer Ceramic Capacitors MLCC - SMD/SMT ROHS,C14663,Basic,TOP SMT; final manufacturer preview required,45106229 available to order; 2026-09-28T13:58:34.900635+00:00,imports/CC0603KRX7R9BB104.tsx,https://jlcpcb.com/partdetail/C14663,Design-file checks pass; manufacturer acceptance and physical qualification pending,0.0106
LED5,1,FAULT LED,Hubei KENTO,KT-0603R,0603,-40℃~+85℃ 1.8V~2.4V 120° 20mA 300mcd 40mW 615nm~630nm 645nm Discrete Diode Red Water Clear 0603 LED Indication - Discrete ROHS,C2286,Basic,TOP SMT; final manufacturer preview required,3378460 available to order; 2026-09-28T13:58:40.807842+00:00,imports/KT_0603R.tsx,https://jlcpcb.com/partdetail/C2286,Design-file checks pass; manufacturer acceptance and physical qualification pending,0.0073
R19,1,NTC upper divider resistor,UNI-ROYAL,0603WAF5602T5E,0603,-55℃~+155℃ 100mW 56kΩ 75V Thick Film Resistor ±1% ±100ppm/℃ 0603 Chip Resistor - Surface Mount ROHS,C23206,Basic,TOP SMT; final manufacturer preview required,952437 available to order; 2026-09-28T13:58:46.686261+00:00,imports/A_0603WAF5602T5E.tsx,https://jlcpcb.com/partdetail/C23206,Design-file checks pass; manufacturer acceptance and physical qualification pending,0.002
TH1,1,Board temperature,Murata,NCP18XH103F03RB,0603,-40℃~+125℃ 0.8mm 1.6mm 100mW 10kΩ 1mW/℃ 310uA 3380K 3434K 3455K ±1% ±1% 0603 NTC Thermistors ROHS,C13564,Extended,TOP SMT; final manufacturer preview required,275544 available to order; 2026-09-28T13:58:52.520108+00:00,imports/NCP18XH103F03RB.tsx,https://jlcpcb.com/partdetail/C13564,Design-file checks pass; manufacturer acceptance and physical qualification pending,0.0664
R20,1,TEMP series,UNI-ROYAL,0603WAF1001T5E,0603,-55℃~+155℃ 100mW 1kΩ 75V Thick Film Resistor ±1% ±100ppm/℃ 0603 Chip Resistor - Surface Mount ROHS,C21190,Basic,TOP SMT; final manufacturer preview required,18140007 available to order; 2026-09-28T13:58:58.394030+00:00,imports/A_0603WAF1001T5E.tsx,https://jlcpcb.com/partdetail/C21190,Design-file checks pass; manufacturer acceptance and physical qualification pending,0.0039
