Designator,Mid X,Mid Y,Layer,Rotation
J1,-28.000,10.000,top,270
F1,-19.000,11.000,top,90
Q1,-12.000,11.000,top,0
C1,-22.000,0.000,top,0
C2,-12.000,0.000,top,0
D1,-28.000,-10.000,top,0
R1,-19.000,-10.000,top,0
LED1,-14.000,-10.000,top,0
U1,0.000,0.000,top,0
R2,-8.000,-9.000,top,180
R3,8.000,-9.000,top,0
J2,-3.000,-24.000,top,0
J3,11.000,-24.000,top,0
C3,-3.000,6.500,top,0
C4,3.000,7.000,top,0
C5,-5.500,1.500,top,180
C6,5.500,3.000,top,0
J4,24.000,16.000,top,0
J5,24.000,9.000,top,0
J6,24.000,2.000,top,0
R4,17.000,17.000,top,180
R9,12.000,17.000,top,0
R5,17.000,13.000,top,180
R10,12.000,13.000,top,0
R6,17.000,9.000,top,180
R11,12.000,9.000,top,0
R7,17.000,5.000,top,180
R12,12.000,5.000,top,0
R8,17.000,1.000,top,180
R13,12.000,1.000,top,0
U2,6.000,11.000,top,0
C7,1.000,11.000,top,0
R14,24.000,-5.000,top,0
R15,-7.000,17.000,top,0
LED2,-7.000,21.000,top,0
R16,-2.000,17.000,top,0
LED3,-2.000,21.000,top,0
R17,3.000,17.000,top,0
LED4,3.000,21.000,top,0
R18,24.000,-10.000,top,0
LED5,29.000,-10.000,top,0
R19,-6.000,10.000,top,180
TH1,-9.000,7.000,top,180
R20,29.000,-15.000,top,0
C8,24.000,-15.000,top,180
J7,26.000,-20.000,top,180