Designator,Comment,Value,Footprint,JLCPCB Part #
F1,,C178991,C178991,C178991
Q1,,C222495,C222495,C222495
C1,220u,220u,C285392,C285392
C2,220u,220u,C285392,C285392
D1,,C83270,C83270,C83270
R1,2.2k,2.2k,C4190,C4190
LED1,,C2289,C2289,C2289
U1,,C50506,C50506,C50506
R2,150m,150m,C876469,C876469
R3,150m,150m,C876469,C876469
C3,10u,10u,C15850,C15850
C4,10u,10u,C15850,C15850
C5,2.2u,2.2u,C23630,C23630
C6,10n,10n,C57112,C57112
R4,330,330,C23138,C23138
R9,10k,10k,C25804,C25804
R5,330,330,C23138,C23138
R10,10k,10k,C25804,C25804
R6,330,330,C23138,C23138
R11,10k,10k,C25804,C25804
R7,330,330,C23138,C23138
R12,10k,10k,C25804,C25804
R8,330,330,C23138,C23138
R13,10k,10k,C25804,C25804
U2,,C130023,C130023,C130023
C7,100n,100n,C14663,C14663
R14,10k,10k,C25804,C25804
R15,2.2k,2.2k,C4190,C4190
LED2,,C2289,C2289,C2289
R16,2.2k,2.2k,C4190,C4190
LED3,,C2289,C2289,C2289
R17,2.2k,2.2k,C4190,C4190
LED4,,C2289,C2289,C2289
R18,2.2k,2.2k,C4190,C4190
LED5,,C2286,C2286,C2286
R19,56k,56k,C23206,C23206
TH1,10k,10k,C13564,C13564
R20,1k,1k,C21190,C21190
C8,100n,100n,C14663,C14663
