Trace,Net,Planar length mm,Minimum width mm,Maximum width mm,Layers,Via transitions,Nonzero segments,Turns >90 deg,Proper self crossings
pcb_trace_0,GND,1.521,0.3,0.3,top,0,1,0,0
saved_phase_null_0_0,VIN,10.638,1.0,1.0,top,0,3,0,0
saved_phase_null_0_1,VIN_FUSED,0.65,0.405003,1.0,top,0,21,0,0
saved_phase_null_0_2,VIN_FUSED,2.932,0.405003,1.0,top,0,10,0,0
saved_phase_null_0_3,VIN_FUSED,0.65,0.405003,1.0,top,0,21,0,0
saved_phase_null_0_4,VIN_FUSED,0.65,0.405003,1.0,top,0,21,0,0
saved_phase_null_0_5,VIN_FUSED,6.448,0.405003,1.0,top,0,4,0,0
saved_phase_null_0_6,VM,0.65,0.405003,1.0,top,0,21,0,0
saved_phase_null_0_7,VM,0.65,0.375,0.375,top,0,2,0,0
saved_phase_null_0_8,VM,2.568,0.5,0.7,top,0,2,0,0
saved_phase_null_0_9,VM,7.34,0.325,1.0,top,0,6,0,0
saved_phase_null_0_10,VM,12.09,0.325,1.0,top,0,7,0,0
saved_phase_null_0_11,VM,9.519,0.375,1.0,inner2; top,2,12,0,0
saved_phase_null_0_12,VM,9.187,1.0,1.0,top,0,9,2,0
saved_phase_null_0_13,VM,11.462,1.0,1.0,top,0,8,2,1
saved_phase_null_0_14,VM,7.23,1.0,1.0,top,0,2,0,0
saved_phase_null_0_15,VM,3.102,0.8064754,1.0,top,0,6,0,0
saved_phase_null_0_16,VM,13.482,0.8064754,1.0,top,0,9,0,0
saved_phase_null_0_17,VIO,8.038,0.25,0.25,top,0,2,0,0
saved_phase_null_0_18,VIO,5.961,0.25,0.25,top,0,2,0,0
saved_phase_null_0_19,VIO,7.303,0.25,0.25,inner2; top,2,12,2,0
saved_phase_null_0_20,VIO,21.32,0.25,0.25,bottom; top,1,8,0,0
saved_phase_null_0_21,VIO,23.179,0.25,0.25,bottom; top,1,12,0,0
saved_phase_null_0_22,VIO,5.0,0.25,0.25,top,0,2,0,0
saved_phase_null_0_23,VIO,26.562,0.25,0.25,inner1; top,2,9,0,0
saved_phase_null_0_24,AOUT1,22.472,0.4,1.0,bottom; top,1,12,0,0
saved_phase_null_0_25,AOUT2,21.943,0.25,1.0,top,0,16,0,0
saved_phase_null_0_26,BOUT1,24.059,0.25,1.0,top,0,23,1,0
saved_phase_null_0_27,BOUT2,26.557,0.325,1.0,bottom; top,1,14,0,0
saved_phase_null_0_28,ISEN_A,7.746,0.4,1.0,top,0,5,0,0
saved_phase_null_0_29,ISEN_A,13.552,1.0,1.0,top,0,3,0,0
saved_phase_null_0_30,ISEN_B,7.955,0.3,0.925,bottom; top,2,13,0,0
saved_phase_null_0_31,ISEN_B,10.723,1.0,1.0,top,0,3,0,0
saved_phase_null_0_32,ENABLE,5.777,0.25,0.25,top,0,3,0,0
saved_phase_null_0_33,ENABLE,16.704,0.25,0.25,inner2; top,2,9,0,0
saved_phase_null_0_34,FAULT_N,10.557,0.25,0.25,inner1; top,2,5,0,0
saved_phase_null_0_35,FAULT_N,6.77,0.25,0.25,bottom; top,2,9,1,0
saved_phase_null_0_36,FAULT_N,12.568,0.25,0.25,inner2; top,2,10,0,0
saved_phase_null_0_37,FAULT_N,23.367,0.25,0.25,top,0,3,0,0
saved_phase_null_0_38,LED_VM_A,5.821,0.25,0.25,top,0,4,0,0
saved_phase_null_0_39,AIN1,5.777,0.25,0.25,top,0,3,0,0
saved_phase_null_0_40,AIN1,8.844,0.25,0.25,inner2; top,2,9,0,0
saved_phase_null_0_41,AIN1,16.746,0.25,0.25,bottom; top,2,12,0,0
saved_phase_null_0_42,AIN2,5.786,0.25,0.25,top,0,4,0,0
saved_phase_null_0_43,AIN2,4.103,0.25,0.25,top,0,2,0,0
saved_phase_null_0_44,AIN2,14.62,0.25,0.25,inner2; top,2,7,0,0
saved_phase_null_0_45,BIN1,5.777,0.25,0.25,top,0,3,0,0
saved_phase_null_0_46,BIN1,10.416,0.25,0.25,inner1; top,2,9,0,0
saved_phase_null_0_47,BIN1,11.257,0.25,0.25,bottom; inner1; top,3,27,1,0
saved_phase_null_0_48,BIN2,5.801,0.25,0.25,top,0,4,0,0
saved_phase_null_0_49,BIN2,12.79,0.25,0.25,bottom; top,2,12,0,0
saved_phase_null_0_50,BIN2,17.634,0.25,0.25,bottom; top,2,12,0,0
saved_phase_null_0_51,VCP,2.05,0.25,0.25,top,0,1,0,0
saved_phase_null_0_52,VINT,2.05,0.25,0.25,top,0,1,0,0
saved_phase_null_0_53,HOST_ENABLE,18.985,0.25,0.25,top,0,4,0,0
saved_phase_null_0_54,HOST_AIN1,9.593,0.25,0.25,inner1; top,1,6,0,0
saved_phase_null_0_55,HOST_AIN2,7.897,0.25,0.25,top,0,2,0,0
saved_phase_null_0_56,HOST_BIN1,11.274,0.25,0.25,bottom; top,2,9,0,0
saved_phase_null_0_57,HOST_BIN2,7.887,0.25,0.25,inner2; top,1,6,0,0
saved_phase_null_0_58,A_CMD,11.112,0.25,0.25,inner1; top,2,6,1,0
saved_phase_null_0_59,B_CMD,12.293,0.25,0.25,inner1; top,2,8,1,0
saved_phase_null_0_60,LED_VIO_A,4.002,0.25,0.25,top,0,2,0,0
saved_phase_null_0_61,LED_A_CMD_A,4.002,0.25,0.25,top,0,2,0,0
saved_phase_null_0_62,LED_B_CMD_A,5.801,0.25,0.25,bottom; top,2,6,0,0
saved_phase_null_0_63,LED_FAULT_A,6.672,0.25,0.25,top,0,4,0,0
saved_phase_null_0_64,TEMP_RAW,3.42,0.25,0.25,top,0,5,0,0
saved_phase_null_0_65,TEMP_RAW,48.167,0.25,0.25,inner1; top,2,14,0,0
saved_phase_null_0_66,TEMP,7.612,0.25,0.25,bottom; top,2,10,1,0
saved_phase_null_0_67,TEMP,5.541,0.25,0.25,top,0,2,0,0
saved_phase_null_0_68,TEMP,17.505,0.25,0.25,top,0,3,0,0
